province;red;green;blue;x;x
1;178;57;203;Arctic;x
2;209;142;221;Northern Air Mountains;x
3;163;0;192;Great Divide;x
4;114;60;125;Two Lovers Mountains;x
5;221;149;233;Fire Mountains;x
6;214;108;235;Antartic;x
7;70;191;225;Northern Water Tribe;x
8;29;125;153;North Pole;x
9;85;160;181;Taktok;x
10;163;200;210;Tatkret;x
11;73;200;235;Otok;x
12;33;136;164;Nutjuitok;x
13;133;154;160;Olikpok Isles;x
14;96;181;205;Piqaluyak;x
15;62;116;131;Qunbuq;x
16;92;129;140;Nigliktok;x
17;103;185;207;Mauragaaqtuq;x
18;44;107;126;Imaq;x
19;103;171;191;Imavaalua;x
20;0;150;255;Southern Water Tribe;x
21;48;125;179;Sufauraaqtaaq;x
22;35;96;139;Ufalak;x
23;35;131;198;Muqpaktuq;x
24;27;111;170;Misuitchuq;x
25;72;121;156;Kiibuyat;x
26;53;101;135;South Pole;x
27;94;115;129;Qixak;x
28;38;95;135;Imnaq;x
29;89;137;170;Qatiqtuq;x
30;37;110;161;Qiki;x
31;212;194;40;Southern Air Temple;x
32;239;197;52;Namtso;x
33;218;192;100;Kangrinboqe;x
34;186;168;15;Kangaroo Island;x
35;161;149;41;Lhasa;x
36;198;183;51;Amdo;x
37;150;136;19;Baingoin;x
38;149;121;26;Sangria;x
39;219;178;37;Lhari;x
40;211;201;117;Sambhota;x
41;153;107;41;Gorakhpur;x
42;213;154;70;Gaya;x
43;188;117;16;Varanasi;x
44;238;149;21;Eastern Air Temple;x
45;176;121;43;Lumbini;x
46;255;115;0;Northern Air Temple;x
47;195;95;14;Qonggyai;x
48;173;98;36;Gerse;x
49;172;124;85;Baqun;x
50;229;137;62;Laghima's Peak;x
51;174;125;84;Xainza;x
52;219;127;52;Zhag'yab;x
53;163;81;14;Dagze;x
54;191;104;31;Tianzhu;x
55;170;144;41;Western Air Temple;x
56;185;162;71;Zhang Zhung;x
57;190;163;57;Ladakh;x
58;213;192;104;Sum-Pa;x
59;203;173;54;Tuyuhum;x
60;205;0;0;Fire Palace;x
61;151;30;30;Fire Capital;x
62;141;29;29;Kanzaki;x
63;154;42;27;Maizuru;x
64;185;34;14;Yosa;x
65;146;71;71;Dragon Island;x
66;160;15;15;Tottori;x
67;128;11;11;Yasugi;x
68;217;26;26;Yonago;x
69;188;38;38;Ember Island;x
70;151;62;62;Jooshima;x
71;143;29;29;Sandu;x
72;150;80;71;Muli;x
73;109;28;18;Feixi;x
74;189;27;5;Susong;x
75;211;65;46;Izumo;x
76;108;40;31;Shobara;x
77;114;24;24;Otsumachi;x
78;177;36;36;Aso;x
79;147;38;24;Taki;x
80;247;0;0;Kawazoe;x
81;188;40;40;Watarai;x
82;176;6;6;Miura;x
83;121;25;25;Ryutozan;x
84;99;22;22;Somonyama;x
85;169;10;10;Samjosan;x
86;187;45;45;Yuya;x
87;196;24;24;Burning Point;x
88;96;18;18;Sakura;x
89;142;13;13;Tokida;x
90;163;15;15;Kantake;x
91;117;26;26;Sakiyama;x
92;198;24;24;Shiroyama;x
93;108;5;5;North Hono;x
94;140;35;35;Odai;x
95;191;23;23;Amagasaki;x
96;90;9;9;Aztlan;x
97;54;22;22;Boiling Rock;x
98;152;14;14;Shuhon;x
99;204;10;10;Uchiumi;x
100;81;7;7;Ma'inka;x
101;152;52;52;Ishigaki;x
102;117;20;20;Penghu;x
103;133;17;17;Ni'nago;x
104;195;31;31;Hira'a;x
105;222;75;75;Shu Jing;x
106;201;6;6;Jang Hui;x
107;146;20;20;Ichiba;x
108;204;57;57;Crescent Island;x
109;10;74;9;Royal Earth Palace;x
110;4;95;3;Dongcheng;x
111;31;140;29;Xincheng;x
112;189;219;188;Jianguomen;x
113;64;134;63;Haidian;x
114;40;135;24;Nanshi;x
115;21;67;14;University District;x
116;31;120;17;Da-Wa;x
117;160;188;159;Liuxiayu;x
118;17;120;46;Kojiki District;x
119;70;118;83;Binhai District;x
120;33;185;76;Tianjin District;x
121;35;115;57;Xiqing District;x
122;28;153;63;Gold District;x
123;93;150;110;Emerald District;x
124;35;84;49;Blue District;x
125;57;170;88;Jade District;x
126;65;119;80;Nan District;x
127;9;89;31;Flower District;x
128;41;82;53;Yellow District;x
129;10;67;26;Fang Yu Industrial District;x
130;39;103;57;Summer District;x
131;36;75;47;Sapphire District;x
132;62;97;58;Hequcun;x
133;99;186;90;Laogai;x
134;46;146;35;Yulincun;x
135;74;145;67;Wullingcun;x
136;83;153;76;Zhanglicun;x
137;34;153;22;Fancun;x
138;75;167;88;Shi Ju Zi;x
139;30;129;44;Yaodi;x
140;20;124;35;Wagou;x
141;93;146;100;Taizigou;x
142;20;167;41;Nan Day Island;x
143;39;105;49;Xintao;x
144;75;161;89;Shannan;x
145;41;146;58;Nantao;x
146;25;125;39;Xiadian;x
147;41;144;56;Qianshan;x
148;57;135;70;Daqing;x
149;84;150;95;Daoli;x
150;70;146;82;Nangang;x
151;51;184;73;Suihua;x
152;38;91;47;Hegang;x
153;53;156;60;Jilin;x
154;9;109;25;Yushan;x
155;76;132;80;Chengji;x
156;85;170;99;Baotou;x
157;64;144;77;Guyang;x
158;49;180;70;Shiguai Island;x
159;48;92;55;Wuhai;x
160;38;111;50;Bayan;x
161;62;161;77;Sonid Youqi;x
162;34;123;48;Alxa;x
163;46;153;63;Yinchuan Islands;x
164;22;134;41;Gansu;x
165;12;90;25;Baiyin;x
166;20;115;35;Kuka;x
167;35;146;52;Dajing;x
168;29;94;40;Jinzhong;x
169;46;131;60;Yuci;x
170;57;123;68;Xiaodian;x
171;19;139;39;Qixian;x
172;54;145;68;Niu Ju;x
173;66;123;75;Datan;x
174;24;80;33;Beixiao;x
175;69;131;38;North Serpent;x
176;53;168;69;Yankou;x
177;53;168;255;Yunzhong;x
178;77;152;88;Shigusi;x
179;29;140;45;Bianjing;x
180;83;188;98;Yanbian;x
181;52;140;64;Dalidong;x
182;69;120;76;Lishudong;x
183;19;92;30;Helong;x
184;40;142;54;Yongchon;x
185;48;101;56;Zhenxing;x
186;84;121;42;Yomju;x
187;40;181;60;Tongrim;x
188;31;117;43;Cholsan;x
189;25;86;33;Donggang;x
190;122;147;93;Shan You He;x
191;71;95;44;He De Xikou;x
192;40;67;9;Sitou;x
193;83;121;39;Lan Shan;x
194;92;116;64;Xinjiagou;x
195;106;146;58;Hujiang;x
196;106;182;16;Yancun;x
197;104;164;39;Weinan;x
198;138;185;88;Linwei;x
199;66;78;53;Hejiagou;x
200;60;74;47;Nanta;x
201;67;103;29;Qiugou;x
202;89;113;64;Ansai;x
203;121;149;91;Pangou;x
204;20;125;35;Majia;x
205;44;143;58;Si Gou;x
206;71;123;38;Ningqi;x
207;73;113;47;Taku;x
208;86;114;69;Taizhou;x
209;55;100;26;San Qi Ying;x
210;77;103;60;Gaoyou;x
211;89;122;68;Miao Qiao;x
212;66;116;33;Bengbu;x
213;61;132;14;Yangtaizi;x
214;135;194;96;Badaji;x
215;52;93;26;Feihe;x
216;70;137;26;Wuying;x
217;30;145;68;Pohai;x
218;44;174;87;Jimo;x
219;103;204;136;Wu Jia;x
220;75;159;103;Bu Xi;x
221;16;147;59;Xiong Lin;x
222;32;104;55;Ganjingzi;x
223;43;116;67;Pingdao;x
224;16;83;38;Jiaoliu;x
225;36;127;65;Huping;x
226;59;165;93;Jinzhou;x
227;73;134;93;Wafangdian;x
228;61;172;61;Yu Dao;x
229;16;94;16;Bincheng;x
230;53;142;53;Gaoqing;x
231;51;163;51;Sheng Shan;x
232;38;132;25;Makapu;x
233;14;102;2;Gangxi;x
234;97;165;89;Yantai;x
235;112;167;112;Dagong;x
236;48;136;36;Lushan;x
237;25;140;25;Zigan Village;x
238;76;132;76;Zhuwuzhen;x
239;51;113;51;Han Tui;x
240;8;164;8;Dong'an;x
241;19;89;19;Qizhaicun;x
242;57;135;57;Xikou;x
243;35;153;35;Shijian;x
244;54;122;54;Xiaoguan;x
245;17;108;17;Wulong Forest;x
246;46;137;46;Garsai;x
247;10;100;10;Chailangu;x
248;6;106;6;Jinyingu;x
249;72;151;72;Chijia;x
250;92;119;53;Ulan;x
251;88;135;15;Tongpuzhen;x
252;72;95;37;Qingxin;x
253;79;108;35;Senlin;x
254;110;162;29;Daishan;x
255;107;156;32;Hong Chen;x
256;87;123;33;Jianghe;x
257;73;107;22;Tianjun;x
258;118;165;49;Delongcun;x
259;115;171;43;Long'a;x
260;98;151;17;Zhashi;x
261;112;158;38;Gaolan;x
262;105;130;65;Xiatu Desert;x
263;87;120;36;Xiwan;x
264;103;146;35;Muli;x
265;123;178;36;Jinchang;x
266;122;155;69;South Serpent;x
267;80;121;17;Dahaizi;x
268;116;167;36;Zhaojia;x
269;76;111;22;Tujingzi;x
270;89;144;17;Gintong;x
271;92;129;47;Xiwa;x
272;63;100;17;Yangwa;x
273;118;152;74;Xitaozi;x
274;97;142;38;Dalaozi;x
275;136;143;54;Wujiaqu;x
276;178;186;81;Mengjin;x
277;107;110;18;Tuwuda;x
278;217;210;147;Manas;x
279;200;210;77;Tuanjie;x
280;135;139;21;Jinghe;x
281;142;151;44;Gao Si Wong;x
282;71;125;45;Jiapigou;x
283;125;166;51;Nanwazi;x
284;154;157;68;Yizhidifang;x
285;171;174;88;Qidifang;x
286;160;168;68;Nankouzi;x
287;172;185;16;Xiaohaizi;x
288;126;132;56;Sunan;x
289;107;162;60;Heishaliao;x
290;212;216;90;Yematan;x
291;217;229;62;Heigou Kouzi;x
292;170;177;78;Daquan;x
293;132;169;68;Caijiahe;x
294;115;141;68;Caihecun;x
295;175;210;110;Daoliushui;x
296;150;201;57;Liujiawan;x
297;97;131;35;Yuantaizi;x
298;169;173;56;Kuqa;x
299;177;179;105;Wuzunzhen;x
300;114;118;29;Wuqiazhen;x
301;220;218;25;Yahazhen;x
302;130;140;9;Tasala;x
303;106;110;69;Ye'er Ganake;x
304;163;171;66;Teng;x
305;170;177;26;Kuqi;x
306;205;213;19;Ya Kasayi;x
307;182;194;40;Luzhou;x
308;145;155;38;Gong Bailisi;x
309;102;174;38;Omashu;x
310;110;143;82;Xiejia;x
311;110;144;65;Gujia;x
312;135;164;96;Suijialing;x
313;68;126;18;Yangxi;x
314;97;118;70;Dahai;x
315;150;211;89;Zaofu;x
316;126;181;55;Jiangcheng;x
317;96;181;80;Beisu;x
318;53;146;101;Bianzhou;x
319;83;169;103;Gulou;x
320;85;194;124;Tonglu;x
321;47;143;96;Xinyang;x
322;77;155;105;Wulizhen;x
323;62;144;64;Chang'an;x
324;32;114;74;Niushan;x
325;13;140;109;Hongxie;x
326;0;199;150;The Foggy Swamp;x
327;55;176;146;Hongxie;x
328;39;141;116;Niushan;x
329;41;160;103;Mojiang;x
330;24;127;101;Xinzhai;x
331;66;161;115;Dashan;x
332;35;107;72;Lale;x
333;59;142;102;Shani;x
334;33;137;87;Biena;x
335;91;185;140;Najiu;x
336;31;170;103;Chin;x
337;43;210;129;Zhudao;x
338;13;101;59;Shangwan;x
339;15;132;76;Manlincun;x
340;41;108;12;Gaoling;x
341;81;174;38;Houpo;x
342;87;143;61;Baidapo;x
343;47;136;7;Yongji;x
344;74;130;25;Nanzhaizi;x
345;74;148;9;Magou;x
346;95;195;48;Yanxicun;x
347;41;101;14;Dongdi;x
348;92;165;59;Ruicheng;x
349;61;203;107;Zhaoyang;x
350;42;161;104;Zhouzhi;x
351;99;198;150;Sangzhen;x
352;21;137;81;Meixian;x
353;155;175;57;Zhaibei;x
354;124;146;18;Litang;x
355;127;141;59;Shankou;x
356;94;112;13;Luwu;x
357;112;126;51;Yuexi;x
358;125;145;38;Ganbazi;x
359;119;140;23;Aoshang;x
360;97;164;67;Sanya;x
361;57;124;27;Macun;x
362;96;157;68;Haikou;x
363;105;168;77;Meilan;x
364;58;114;33;Jinnanyuan;x
365;70;137;39;Jun'an;x
366;93;133;53;Yunyu;x
367;39;106;8;Qunli;x
368;61;101;26;Renxin;x
369;95;135;60;Glory;x
370;120;158;87;Xida;x
371;102;147;62;Huanglvezhen;x
372;73;151;4;Suixi;x
373;116;161;75;Qingjian;x
374;83;155;19;Chenping;x
375;59;112;13;Suxu;x
376;94;139;53;Tongdoa;x
377;99;168;38;Tagjia;x
378;115;155;80;Pinguo;x
379;114;164;70;Yewei;x
380;111;177;53;Bala;x
381;46;151;120;Chiayi;x
382;35;192;146;Penghu;x
383;42;217;165;Miaoli;x
384;65;121;104;Shei-Pa;x
385;25;153;115;Nantou;x
386;45;138;111;Taroko;x
387;91;169;146;Karokou;x
388;100;153;138;Yonaguni;x
389;21;188;104;Kyoshi Island;x
390;191;178;229;North Moon Bay;x
391;160;142;213;Arctic Coast;x
392;82;50;176;Frozen Coast;x
393;172;151;234;Arctic Coast;x
394;140;126;182;Arctic Coast;x
395;121;92;206;Artic Ice Shelf;x
396;118;101;168;North Sea;x
397;88;61;168;North Sea;x
398;134;119;181;North Sea;x
399;150;140;178;North Earth Coast;x
400;130;126;142;North Earth Coast;x
401;128;96;222;North Earth Coast;x
402;134;117;232;North Earth Coast;x
403;141;131;203;North Earth Coast;x
404;88;68;218;North Earth Coast;x
405;108;94;199;North Earth Coast;x
406;111;83;194;West Earth Coast;x
407;175;171;235;Twin Bays;x
408;183;174;211;West Air Coast;x
409;143;131;183;West Air Coast;x
410;164;146;221;West Air Coast;x
411;115;86;206;Wind Bay;x
412;129;113;178;West Air Sea;x
413;122;99;193;Aztlan Sea;x
414;98;84;143;North Fire Coast;x
415;92;65;175;Ember Sea;x
416;90;49;217;Fire Gates;x
417;108;86;174;Dragon Bay;x
418;134;126;158;Dragon Sound;x
419;139;121;195;Dragon Bay;x
420;151;124;233;Dragon Bay;x
421;172;160;211;Burning Channel;x
422;46;38;156;Shuhon Sea;x
423;130;122;244;Ma'inka and Ishigaki;x
424;96;88;194;Penghu Islands;x
425;51;43;152;Far Islands;x
426;84;73;220;Shuhon Straits;x
427;43;100;205;Hono Sea;x
428;111;150;221;Hono Sound;x
429;106;143;212;Cape of Fire;x
430;120;90;216;West Fire Sea;x
431;75;39;192;West Fire Sea;x
432;123;96;208;West Fire Sea;x
433;119;154;219;South Mo Ce Sea;x
434;126;119;226;East Mo Ce Sea;x
435;24;15;150;Mo Ce Sea;x
436;193;190;232;North Mo Ce Sea;x
437;120;116;165;Yue Bay;x
438;108;99;230;Broken Bays;x
439;115;110;190;Mo Ce Sea;x
440;86;78;194;Xifang Cape;x
441;69;59;211;Outer Penghu;x
442;143;136;236;Fire Approach;x
443;171;165;238;Boiling Basin;x
444;57;49;165;Xifang Coast;x
445;28;91;207;Nagar Sea;x
446;121;141;177;Red Bay;x
447;70;121;215;Jianjiang Bay;x
448;58;105;191;Nip Sea;x
449;137;133;210;Swamp Bay;x
450;143;140;188;Gangpai River;x
451;122;154;211;Blue Sea;x
452;108;126;158;Straits of Kyoshi;x
453;127;156;210;Kyoshi Sea;x
454;78;130;226;Whaletail Sea;x
455;180;203;246;Whaletail Channle;x
456;90;117;167;Whaletail Cape;x
457;50;110;219;Whaletail Straits;x
458;143;150;161;Gao Bay;x
459;62;47;205;Burning Sea;x
460;59;51;140;Burning Sea;x
461;100;92;174;Burning Sea;x
462;89;129;204;Burning Sea;x
463;127;156;208;Burning Sea;x
464;90;137;224;Southen Air Coast;x
465;56;102;187;Southen Air Coast;x
466;43;107;226;Southen Air Coast;x
467;74;104;160;Southen Air Coast;x
468;52;106;205;Southen Air Coast;x
469;26;73;157;Southen Air Coast;x
470;15;75;184;Southen Air Coast;x
471;13;59;142;Southen Air Coast;x
472;63;115;211;Southen Air Coast;x
473;156;185;237;Southen Air Coast;x
474;20;55;156;Southen Air Coast;x
475;17;66;205;South Sea;x
476;16;35;65;South Sea;x
477;32;76;203;South Sea;x
478;38;63;101;South Sea;x
479;65;67;155;Boho Straits;x
480;66;69;194;South Sea;x
481;145;184;243;South Sea;x
482;164;201;255;South Sea;x
483;105;134;177;South Sea;x
484;38;111;221;South Sea;x
485;70;139;243;South Sea;x
486;86;144;232;South Sea;x
487;92;99;203;Zhenhai Bay;x
488;32;35;147;South Sea;x
489;117;110;130;South Water Coast;x
490;111;55;213;South Water Coast;x
491;193;182;211;South Water Coast;x
492;86;37;176;South Water Coast;x
493;141;89;235;South Water Coast;x
494;161;134;211;South Water Coast;x
495;174;142;232;Southen Water Bay;x
496;119;111;134;South Water Coast;x
497;45;97;175;East Air Coast;x
498;33;109;223;East Air Coast;x
499;82;67;224;East Air Coast;x
500;92;154;246;Airbender Channel;x
501;19;82;176;Southen Approach;x
502;93;91;141;East Coast;x
503;122;120;151;Langwokou Bay;x
504;100;96;188;East Coast;x
505;82;78;165;Shiguai Channel;x
506;94;88;203;East Sea;x
507;65;57;209;Kuka Strait;x
508;163;160;231;Feicui Sea;x
509;90;86;168;Feicui Sea;x
510;109;106;168;Feicui Sea;x
511;106;101;201;Feicui Sea;x
512;88;86;126;Feicui Sea;x
513;134;128;221;Feicui Sea;x
514;74;77;109;East Sea;x
515;89;74;234;Tufu Strait;x
516;0;0;255;Lake Laogai;x
517;86;35;236;Air River;x
518;152;145;176;Fire Serpent River;x
519;144;139;204;East Yue;x
520;158;139;214;Blue River;x
521;191;176;238;Xifang River;x
522;134;132;168;Da Xijiang;x
523;103;101;132;Da Xijiang;x
524;117;113;168;Da Xijiang;x
525;96;92;146;West Lake;x
526;157;153;221;Serpent Pass;x
527;96;92;168;East Lake;x
528;169;166;228;Da Dongjiang;x
529;154;150;210;Yellow River;x
530;148;145;188;Green River;x
531;128;127;153;Green River;x
532;128;123;208;Red River;x
533;118;113;198;Gaoling River;x
534;104;101;154;Serpent's Tongue;x
535;157;154;210;Serpent's Tongue;x
536;;;;;x
537;139;138;178;Majia River;x
538;119;115;202;Tuhai River;x
539;128;124;168;Yamantaka River;x
540;55;186;41;Sasakimura;x
541;113;210;145;Yamada;x
542;0;41;14;Yamadan;x
543;0;126;42;Kyousou;x
544;23;136;60;Yonten;x
545;246;184;18;Rinchen;x
546;186;107;30;Lotsawa;x
547;154;117;64;Nyingpo;x
548;203;147;68;Oandita;x
549;255;222;91;Pakshi;x
550;224;186;33;Lingpa;x
551;147;118;0;Nyima;x
552;239;205;70;Yuthok;x
553;20;69;131;Imiijauti;x
554;15;102;208;Imaaqpaa;x
555;19;122;160;Sanngijuq;x
556;4;139;189;Asavara;x
557;42;192;248;Aquijuq;x
558;69;108;162;Niriq;x
559;78;136;215;Taima;x
560;67;101;111;Qallut;x
561;47;127;150;Kauraut;x
562;0;108;143;Ublaami;x
563;48;141;172;Inupiatun;x
564;32;175;125;Nunavut;x
565;48;156;178;Atauhiq;x
566;24;129;159;Quana;x
567;112;53;220;South Water Coast;x
568;171;152;87;Whaletail Island;x
569;46;59;55;Xi Longa;x
570;16;174;128;Kwon;x
571;21;118;90;Yang;x
572;55;126;105;Namgung;x
573;56;107;92;Pion;x
574;20;130;116;Tonh;x
575;77;176;147;Chwa;x
576;79;106;76;Republic City;x
577;118;123;65;Musar;x
578;118;83;0;Temi;x
579;171;166;126;Nadvi;x
580;172;183;54;Umar;x
581;102;150;39;Anwar;x
582;229;180;62;Marin;x
583;177;118;26;Abdo;x
584;213;156;19;Naji;x
585;194;131;40;Wahee;x
586;118;71;29;Hannach;x
587;115;212;0;Awooga;x
588;129;205;186;Oshta;x
589;145;244;38;Kuzko;x
590;106;200;44;Kasama;x
591;97;176;12;Iwata;x
592;137;241;68;Ilao;x
593;89;207;10;Ecchi;x
594;126;160;43;Sheto;x,,,prov,county,barony,his prov,hist title,landed,flag,
595;203;178;75;Shiyama;x,,,x,x,x,x,x,x,x,Western Air Temple
596;201;175;72;Sincho;x,,,x,x,x,x,x,x,x,
597;207;187;106;Nakaraoi;x,,,x,x,x,x,x,x,,
598;199;173;75;Gyat;x,,,x,x,x,x,x,x,,
599;202;178;84;Singa;x,,,x,x,x,x,x,x,,
600;184;158;56;Yakutama;x,,,X,x,x,x,x,x,,
601;162;135;29;Rigsang;x,,,X,x,x,x,x,x,,
602;181;150;26;Yangdon;x,,,x,x,x,x,x,x,,
603;172;145;34;Ngawang;x,,,x,x,x,x,x,x,,
604;222;187;48;Lhawang;x,,,x,x,x,x,x,x,,
605;232;196;50;Mipham;x,,,x,x,x,x,x,x,,
606;202;169;38;Legshey;x,,,x,x,x,x,x,x,,
607;170;142;32;Choenyi;x,,,x,x,x,x,x,x,,
608;84;121;215;Mianteng River;xx
609;107;156;28;Hengdao;x,,,x,x,x,x,x,x,,Great Divide
610;114;124;99;North Divide;x,,,x,x,x,x,x,x,,
611;124;177;42;The Divide;x,,,x,x,x,x,x,x,,
612;142;175;91;South Divide;x,,,x,x,x,x,x,x,,
613;99;139;38;Guangping;x,,,x,x,x,x,x,x,,
614;86;127;24;Xiangmay;x,,,x,x,x,x,x,x,,
615;115;168;33;Tangchun;x,,,x,x,x,x,x,x,,
616;128;183;44;Baowei Islands;x,,,x,x,x,x,x,x,,
617;203;111;34;Tseten;x,,,x,x,x,x,x,x,,North Air
618;219;118;34;Dhompa;x,,,x,x,x,x,x,x,,
619;208;123;52;Dema;x,,,x,x,x,x,x,x,,
620;210;118;40;Ngonga;x,,,x,x,x,x,x,x,,
621;25;156;25;Qingshan;x,,,x,x,x,x,x,x,,Northern earth Kingdom
622;39;108;61;Zhenyuan;x,,,x,x,x,x,x,x,,
623;38;147;73;Baohai;x,,,x,x,x,x,x,x,,
624;14;132;52;Tongdao;x,,,x,x,x,x,x,x,,
625;28;149;68;Jiangliang;x,,,x,x,x,x,x,x,,
626;47;189;93;Danmay;x,,,x,x,x,x,x,x,,
627;81;121;39;Panchong;x,,,x,x,x,x,x,x,,
628;113;146;77;Xiantong;x,,,x,x,x,x,x,x,,
629;160;215;102;Hengwei;x,,,x,x,x,x,x,x,,
630;73;103;38;Tanyuan;x,,,x,x,x,x,x,x,,
631;55;97;60;Jincheng;x,,,x,x,x,x,x,x,,
632;87;119;49;Yangxuan;x,,,x,x,x,x,x,x,,Western Earth Kingdom
633;94;159;103;Jing Guang;x,,,x,x,x,x,x,x,,
634;97;144;103;Suzou;x,,,x,x,x,x,x,x,,
635;82;174;96;Fuyang;x,,,x,x,x,x,x,x,,
636;69;208;88;Baotong;x,,,x,x,x,x,x,x,,
637;58;182;75;Tongshan;x,,,x,x,x,x,x,x,,
638;106;189;98;Zaoyuan;x,,,x,x,x,x,x,x,x,
639;58;136;32;Baojiang;x,,,x,x,x,x,x,x,x,
640;86;194;76;Nanxing;x,,,x,x,x,x,x,x,,
641;46;103;39;Danhai;x,,,x,x,x,x,x,x,,
642;83;147;76;Fengchong;x,,,x,x,x,x,x,x,,
643;19;158;42;Shaodong;x,,,x,x,x,x,x,x,,
644;34;170;57;Fuyuan;x,,,x,x,x,x,x,x,,
645;54;144;66;Jinchun;x,,,x,x,x,x,x,x,,
646;31;120;45;Changdao;x,,,x,x,x,x,x,x,,
647;71;194;91;North Shiguai;x,,,x,x,x,x,x,x,,
648;59;182;78;Chiyuan Island;x,,,x,x,x,x,x,x,,
649;32;60;51;Tong Daiyuan;x,,,x,x,x,x,x,x,x,Earth Islands
650;33;132;103;Tong;x,,,x,x,x,x,x,x,,
651;40;110;90;Jichung;x,,,x,x,x,x,x,x,,
652;68;150;126;Kwonsong;x,,,x,x,x,x,x,x,,
653;91;188;159;Yanpo;x,,,x,x,x,x,x,x,,
654;52;173;137;Tang;x,,,x,x,x,x,x,x,,
655;33;55;49;Seyong;x,,,x,x,x,x,x,x,,
656;19;115;103;Bielak Island;x,,,x,x,x,x,x,x,,
657;54;158;128;Hennauke;x,,,x,x,x,x,x,x,,
658;54;101;87;Ayai;x,,,x,x,x,x,x,x,,
659;48;206;160;Husko;x,,,x,x,x,x,x,x,,
660;46;133;108;Resak;x,,,x,x,x,x,x,x,,
661;31;180;136;Oki;x,,,x,x,x,x,x,x,,
662;65;168;137;Itakshir;x,,,x,x,x,x,x,x,,
663;233;221;117;East Whaletail Island;x,,,x,x,x,x,x,x,,Southern Air Temple
664;219;188;117;Whaletail Kho;x,,,x,x,x,x,x,x,,
665;176;144;34;Choegyal;x,,,x,x,x,x,x,x,,
666;154;129;44;Kalsang;x,,,x,x,x,x,x,x,,
667;186;155;50;Dhargay;x,,,x,x,x,x,x,x,,
668;182;154;59;Chonden;x,,,x,x,x,x,x,x,,
669;169;155;37;West Baingoin;x,,,x,x,x,x,x,x,,
670;182;155;37;Palsang;x,,,x,x,x,x,x,x,,
671;227;206;30;Palkyi;x,,,x,x,x,x,x,x,,
672;222;202;26;Tsewang;x,,,x,x,x,x,x,x,,
673;226;208;61;Tsultrim;x,,,x,x,x,x,x,x,,
674;207;175;62;Pema;x,,,x,x,x,x,x,x,,
675;227;190;64;Manriwa;x,,,x,x,x,x,x,x,,
676;206;190;47;Sangmo;x,,,x,x,x,x,x,x,,
677;208;192;49;East Kangaroo Island;x,,,x,x,x,x,x,x,,
678;194;178;42;Kangaroo Tip;x,,,x,x,x,x,x,x,,
679;176;162;34;Tselha;x,,,x,x,x,x,x,x,,
680;168;156;47;Jamtso;x,,,x,x,x,x,x,x,,
681;180;169;69;Kelden;x,,,x,x,x,x,x,x,,
682;38;166;221;Ti  Diang;x,,,x,x,x,x,x,x,,
683;128;145;208;Red River Crossing;x,,,x,x,x,x,x,x,,
684;169;179;228;Da Dongjiang;x,,,x,x,x,x,x,x,,
685;;;;;x
686;;;;;x
687;;;;;x
688;;;;;x
689;;;;;x
690;;;;;x
691;;;;;x
692;;;;;x
693;;;;;x
694;;;;;x
695;;;;;x
696;;;;;x
697;;;;;x
698;;;;;x
699;;;;;x
700;;;;;x
701;;;;;x
702;;;;;x
703;;;;;x
704;;;;;x
705;;;;;x
706;;;;;x
707;;;;;x
708;;;;;x
709;;;;;x
710;;;;;x
711;;;;;x
712;;;;;x
713;;;;;x
714;;;;;x
715;;;;;x
716;;;;;x
717;;;;;x
718;;;;;x
719;;;;;x
720;;;;;x
721;;;;;x
722;;;;;x
723;;;;;x
724;;;;;x
725;;;;;x
726;;;;;x
727;;;;;x
728;;;;;x
729;;;;;x
730;;;;;x
731;;;;;x
732;;;;;x
733;;;;;x
734;;;;;x
735;;;;;x
736;;;;;x
737;;;;;x
738;;;;;x
739;;;;;x
740;;;;;x
741;;;;;x
742;;;;;x
743;;;;;x
744;;;;;x
745;;;;;x
746;;;;;x
747;;;;;x
748;;;;;x
749;;;;;x
750;;;;;x
751;;;;;x
752;;;;;x
753;;;;;x
754;;;;;x
755;;;;;x
756;;;;;x
757;;;;;x
758;;;;;x
759;;;;;x
760;;;;;x
761;;;;;x
762;;;;;x
763;;;;;x
764;;;;;x
765;;;;;x
766;;;;;x
767;;;;;x
768;;;;;x
769;;;;;x
770;;;;;x
771;;;;;x
772;;;;;x
773;;;;;x
774;;;;;x
775;;;;;x
776;;;;;x
777;;;;;x
778;;;;;x
779;;;;;x
780;;;;;x
781;;;;;x
782;;;;;x
783;;;;;x
784;;;;;x
785;;;;;x
786;;;;;x
787;;;;;x
788;;;;;x
789;;;;;x
790;;;;;x
791;;;;;x
792;;;;;x
793;;;;;x
794;;;;;x
795;;;;;x
796;;;;;x
797;;;;;x
798;;;;;x
799;;;;;x
800;;;;;x
801;;;;;x
802;;;;;x
803;;;;;x
804;;;;;x
805;;;;;x
806;;;;;x
807;;;;;x
808;;;;;x
809;;;;;x
810;;;;;x
811;;;;;x
812;;;;;x
813;;;;;x
814;;;;;x
815;;;;;x
816;;;;;x
817;;;;;x
818;;;;;x
819;;;;;x
820;;;;;x
821;;;;;x
822;;;;;x
823;;;;;x
824;;;;;x
825;;;;;x
826;;;;;x
827;;;;;x
828;;;;;x
829;;;;;x
830;;;;;x
831;;;;;x
832;;;;;x
833;;;;;x
834;;;;;x
835;;;;;x
836;;;;;x
837;;;;;x
838;;;;;x
839;;;;;x
840;;;;;x
841;;;;;x
842;;;;;x
843;;;;;x
844;;;;;x
845;;;;;x
846;;;;;x
847;;;;;x
848;;;;;x
849;;;;;x
850;;;;;x
851;;;;;x
852;;;;;x
853;;;;;x
854;;;;;x
855;;;;;x
856;;;;;x
857;;;;;x
858;;;;;x
859;;;;;x
860;;;;;x
861;;;;;x
862;;;;;x
863;;;;;x
864;;;;;x
865;;;;;x
866;;;;;x
867;;;;;x
868;;;;;x
869;;;;;x
870;;;;;x
871;;;;;x
872;;;;;x
873;;;;;x
874;;;;;x
875;;;;;x
876;;;;;x
877;;;;;x
878;;;;;x
879;;;;;x
880;;;;;x
881;;;;;x
882;;;;;x
883;;;;;x
884;;;;;x
885;;;;;x
886;;;;;x
887;;;;;x
888;;;;;x
889;;;;;x
890;;;;;x
891;;;;;x
892;;;;;x
893;;;;;x
894;;;;;x
895;;;;;x
896;;;;;x
897;;;;;x
898;;;;;x
899;;;;;x
900;;;;;x
901;;;;;x
902;;;;;x
903;;;;;x
904;;;;;x
905;;;;;x
906;;;;;x
907;;;;;x
908;;;;;x
909;;;;;x
910;;;;;x
911;;;;;x
912;;;;;x
913;;;;;x
914;;;;;x
915;;;;;x
916;;;;;x
917;;;;;x
918;;;;;x
919;;;;;x
920;;;;;x
921;;;;;x
922;;;;;x
923;;;;;x
924;;;;;x
925;;;;;x
926;;;;;x
927;;;;;x
928;;;;;x
929;;;;;x
930;;;;;x
931;;;;;x
932;;;;;x
933;;;;;x
934;;;;;x
935;;;;;x
936;;;;;x
937;;;;;x
938;;;;;x
939;;;;;x
940;;;;;x
941;;;;;x
942;;;;;x
943;;;;;x
944;;;;;x
945;;;;;x
946;;;;;x
947;;;;;x
948;;;;;x
949;;;;;x
950;;;;;x
951;;;;;x
952;;;;;x
953;;;;;x
954;;;;;x
955;;;;;x
956;;;;;x
957;;;;;x
958;;;;;x
959;;;;;x
960;;;;;x
961;;;;;x
962;;;;;x
963;;;;;x
964;;;;;x
965;;;;;x
966;;;;;x
967;;;;;x
968;;;;;x
969;;;;;x
970;;;;;x
971;;;;;x
972;;;;;x
973;;;;;x
974;;;;;x
975;;;;;x
976;;;;;x
977;;;;;x
978;;;;;x
979;;;;;x
980;;;;;x
981;;;;;x
982;;;;;x
983;;;;;x
984;;;;;x
985;;;;;x
986;;;;;x
987;;;;;x
988;;;;;x
989;;;;;x
990;;;;;x
991;;;;;x
992;;;;;x
993;;;;;x
994;;;;;x
995;;;;;x
996;;;;;x
997;;;;;x
998;;;;;x
999;;;;;x
1000;;;;;x
1001;;;;;x
1002;;;;;x
1003;;;;;x
1004;;;;;x
1005;;;;;x
1006;;;;;x
1007;;;;;x
1008;;;;;x
1009;;;;;x
1010;;;;;x
1011;;;;;x
1012;;;;;x
1013;;;;;x
1014;;;;;x
1015;;;;;x
1016;;;;;x
1017;;;;;x
1018;;;;;x
1019;;;;;x
1020;;;;;x
1021;;;;;x
1022;;;;;x
1023;;;;;x
1024;;;;;x
1025;;;;;x
1026;;;;;x
1027;;;;;x
1028;;;;;x
1029;;;;;x
1030;;;;;x
1031;;;;;x
1032;;;;;x
1033;;;;;x
1034;;;;;x
1035;;;;;x
1036;;;;;x
1037;;;;;x
1038;;;;;x
1039;;;;;x
1040;;;;;x
1041;;;;;x
1042;;;;;x
1043;;;;;x
1044;;;;;x
1045;;;;;x
1046;;;;;x
1047;;;;;x
1048;;;;;x
1049;;;;;x
1050;;;;;x
1051;;;;;x
1052;;;;;x
1053;;;;;x
1054;;;;;x
1055;;;;;x
1056;;;;;x
1057;;;;;x
1058;;;;;x
1059;;;;;x
1060;;;;;x
1061;;;;;x
1062;;;;;x
1063;;;;;x
1064;;;;;x
1065;;;;;x
1066;;;;;x
1067;;;;;x
1068;;;;;x
1069;;;;;x
1070;;;;;x
1071;;;;;x
1072;;;;;x
1073;;;;;x
1074;;;;;x
1075;;;;;x
1076;;;;;x
1077;;;;;x
1078;;;;;x
1079;;;;;x
1080;;;;;x
1081;;;;;x
1082;;;;;x
1083;;;;;x
1084;;;;;x
1085;;;;;x
1086;;;;;x
1087;;;;;x
1088;;;;;x
1089;;;;;x
1090;;;;;x
1091;;;;;x
1092;;;;;x
1093;;;;;x
1094;;;;;x
1095;;;;;x
1096;;;;;x
1097;;;;;x
1098;;;;;x
1099;;;;;x
1100;;;;;x
1101;;;;;x
1102;;;;;x
1103;;;;;x
1104;;;;;x
1105;;;;;x
1106;;;;;x
1107;;;;;x
1108;;;;;x
1109;;;;;x
1110;;;;;x
1111;;;;;x
1112;;;;;x
1113;;;;;x
1114;;;;;x
1115;;;;;x
1116;;;;;x
1117;;;;;x
1118;;;;;x
1119;;;;;x
1120;;;;;x
1121;;;;;x
1122;;;;;x
1123;;;;;x
1124;;;;;x
1125;;;;;x
1126;;;;;x
1127;;;;;x
1128;;;;;x
1129;;;;;x
1130;;;;;x
1131;;;;;x
1132;;;;;x
1133;;;;;x
1134;;;;;x
1135;;;;;x
1136;;;;;x
1137;;;;;x
1138;;;;;x
1139;;;;;x
1140;;;;;x
1141;;;;;x
1142;;;;;x
1143;;;;;x
1144;;;;;x
1145;;;;;x
1146;;;;;x
1147;;;;;x
1148;;;;;x
1149;;;;;x
1150;;;;;x
1151;;;;;x
1152;;;;;x
1153;;;;;x
1154;;;;;x
1155;;;;;x
1156;;;;;x
1157;;;;;x
1158;;;;;x
1159;;;;;x
1160;;;;;x
1161;;;;;x
1162;;;;;x
1163;;;;;x
1164;;;;;x
1165;;;;;x
1166;;;;;x
1167;;;;;x
1168;;;;;x
1169;;;;;x
1170;;;;;x
1171;;;;;x
1172;;;;;x
1173;;;;;x
1174;;;;;x
1175;;;;;x
1176;;;;;x
1177;;;;;x
1178;;;;;x
1179;;;;;x
1180;;;;;x
1181;;;;;x
1182;;;;;x
1183;;;;;x
1184;;;;;x
1185;;;;;x
1186;;;;;x
1187;;;;;x
1188;;;;;x
1189;;;;;x
1190;;;;;x
1191;;;;;x
1192;;;;;x
1193;;;;;x
1194;;;;;x
1195;;;;;x
1196;;;;;x
1197;;;;;x
1198;;;;;x
1199;;;;;x
1200;;;;;x
1201;;;;;x
1202;;;;;x
1203;;;;;x
1204;;;;;x
1205;;;;;x
1206;;;;;x
1207;;;;;x
1208;;;;;x
1209;;;;;x
1210;;;;;x
1211;;;;;x
1212;;;;;x
1213;;;;;x
1214;;;;;x
1215;;;;;x
1216;;;;;x
1217;;;;;x
1218;;;;;x
1219;;;;;x
1220;;;;;x
1221;;;;;x
1222;;;;;x
1223;;;;;x
1224;;;;;x
1225;;;;;x
1226;;;;;x
1227;;;;;x
1228;;;;;x
1229;;;;;x
1230;;;;;x
1231;;;;;x
1232;;;;;x
1233;;;;;x
1234;;;;;x
1235;;;;;x
1236;;;;;x
1237;;;;;x
1238;;;;;x
1239;;;;;x
1240;;;;;x
1241;;;;;x
1242;;;;;x
1243;;;;;x
1244;;;;;x
1245;;;;;x
1246;;;;;x
1247;;;;;x
1248;;;;;x
1249;;;;;x
1250;;;;;x
1251;;;;;x
1252;;;;;x
1253;;;;;x
1254;;;;;x
1255;;;;;x
1256;;;;;x
1257;;;;;x
1258;;;;;x
1259;;;;;x
1260;;;;;x
1261;;;;;x
1262;;;;;x
1263;;;;;x
1264;;;;;x
1265;;;;;x
1266;;;;;x
1267;;;;;x
1268;;;;;x
1269;;;;;x
1270;;;;;x
1271;;;;;x
1272;;;;;x
1273;;;;;x
1274;;;;;x
1275;;;;;x
1276;;;;;x
1277;;;;;x
1278;;;;;x
1279;;;;;x
1280;;;;;x
1281;;;;;x
1282;;;;;x
1283;;;;;x
1284;;;;;x
1285;;;;;x
1286;;;;;x
1287;;;;;x
1288;;;;;x
1289;;;;;x
1290;;;;;x
1291;;;;;x
1292;;;;;x
1293;;;;;x
1294;;;;;x
1295;;;;;x
1296;;;;;x
1297;;;;;x
1298;;;;;x
1299;;;;;x
1300;;;;;x
1301;;;;;x
1302;;;;;x
1303;;;;;x
1304;;;;;x
1305;;;;;x
1306;;;;;x
1307;;;;;x
1308;;;;;x
1309;;;;;x
1310;;;;;x
1311;;;;;x
1312;;;;;x
1313;;;;;x
1314;;;;;x
1315;;;;;x
1316;;;;;x
1317;;;;;x
1318;;;;;x
1319;;;;;x
1320;;;;;x
1321;;;;;x
1322;;;;;x
1323;;;;;x
1324;;;;;x
1325;;;;;x
1326;;;;;x
1327;;;;;x
1328;;;;;x
1329;;;;;x
1330;;;;;x
1331;;;;;x
1332;;;;;x
1333;;;;;x
1334;;;;;x
1335;;;;;x
1336;;;;;x
1337;;;;;x
1338;;;;;x
1339;;;;;x
1340;;;;;x
1341;;;;;x
1342;;;;;x
1343;;;;;x
1344;;;;;x
1345;;;;;x
1346;;;;;x
1347;;;;;x
1348;;;;;x
1349;;;;;x
1350;;;;;x
1351;;;;;x
1352;;;;;x
1353;;;;;x
1354;;;;;x
1355;;;;;x
1356;;;;;x
1357;;;;;x
1358;;;;;x
1359;;;;;x
1360;;;;;x
1361;;;;;x
1362;;;;;x
1363;;;;;x
1364;;;;;x
1365;;;;;x
1366;;;;;x
1367;;;;;x
1368;;;;;x
1369;;;;;x
1370;;;;;x
1371;;;;;x
1372;;;;;x
1373;;;;;x
1374;;;;;x
1375;;;;;x
1376;;;;;x
1377;;;;;x
1378;;;;;x
1379;;;;;x
1380;;;;;x
1381;;;;;x
1382;;;;;x
1383;;;;;x
1384;;;;;x
1385;;;;;x
1386;;;;;x
1387;;;;;x
1388;;;;;x
1389;;;;;x
1390;;;;;x
1391;;;;;x
1392;;;;;x
1393;;;;;x
1394;;;;;x
1395;;;;;x
1396;;;;;x
1397;;;;;x
1398;;;;;x
1399;;;;;x
1400;;;;;x
1401;;;;;x
1402;;;;;x
1403;;;;;x
1404;;;;;x
1405;;;;;x
1406;;;;;x
1407;;;;;x
1408;;;;;x
1409;;;;;x
1410;;;;;x
1411;;;;;x
1412;;;;;x
1413;;;;;x
1414;;;;;x
1415;;;;;x
1416;;;;;x
1417;;;;;x
1418;;;;;x
1419;;;;;x
1420;;;;;x
1421;;;;;x
1422;;;;;x
1423;;;;;x
1424;;;;;x
1425;;;;;x
1426;;;;;x
1427;;;;;x
1428;;;;;x
1429;;;;;x
1430;;;;;x
1431;;;;;x
1432;;;;;x
1433;;;;;x
1434;;;;;x
1435;;;;;x
1436;;;;;x
1437;;;;;x
1438;;;;;x
1439;;;;;x
1440;;;;;x
1441;;;;;x
1442;;;;;x
1443;;;;;x
1444;;;;;x
1445;;;;;x
1446;;;;;x
1447;;;;;x
1448;;;;;x
1449;;;;;x
1450;;;;;x
1451;;;;;x
1452;;;;;x
1453;;;;;x
1454;;;;;x
1455;;;;;x
1456;;;;;x
1457;;;;;x
1458;;;;;x
1459;;;;;x
1460;;;;;x
1461;;;;;x
1462;;;;;x
1463;;;;;x
1464;;;;;x
1465;;;;;x
1466;;;;;x
1467;;;;;x
1468;;;;;x
1469;;;;;x
1470;;;;;x
1471;;;;;x
1472;;;;;x
1473;;;;;x
1474;;;;;x
1475;;;;;x
1476;;;;;x
1477;;;;;x
1478;;;;;x
1479;;;;;x
1480;;;;;x
1481;;;;;x
1482;;;;;x
1483;;;;;x
1484;;;;;x
1485;;;;;x
1486;;;;;x
1487;;;;;x
1488;;;;;x
1489;;;;;x
1490;;;;;x
1491;;;;;x
1492;;;;;x
1493;;;;;x
1494;;;;;x
1495;;;;;x
1496;;;;;x
1497;;;;;x
1498;;;;;x
1499;;;;;x
1500;;;;;x
1501;;;;;x
1502;;;;;x
1503;;;;;x
1504;;;;;x
1505;;;;;x
1506;;;;;x
1507;;;;;x
1508;;;;;x
1509;;;;;x
1510;;;;;x
1511;;;;;x
1512;;;;;x
1513;;;;;x
1514;;;;;x
1515;;;;;x
1516;;;;;x
1517;;;;;x
1518;;;;;x
1519;;;;;x
1520;;;;;x
1521;;;;;x
1522;;;;;x
1523;;;;;x
1524;;;;;x
1525;;;;;x
1526;;;;;x
1527;;;;;x
1528;;;;;x
1529;;;;;x
1530;;;;;x
1531;;;;;x
1532;;;;;x
1533;;;;;x
1534;;;;;x
1535;;;;;x
1536;;;;;x
1537;;;;;x
1538;;;;;x
1539;;;;;x
1540;;;;;x
1541;;;;;x
1542;;;;;x
1543;;;;;x
1544;;;;;x
1545;;;;;x
1546;;;;;x
1547;;;;;x
1548;;;;;x
1549;;;;;x
1550;;;;;x
1551;;;;;x
1552;;;;;x
1553;;;;;x
1554;;;;;x
1555;;;;;x
1556;;;;;x
1557;;;;;x
1558;;;;;x
1559;;;;;x
1560;;;;;x
1561;;;;;x
1562;;;;;x
1563;;;;;x
1564;;;;;x
1565;;;;;x
1566;;;;;x
1567;;;;;x
1568;;;;;x
1569;;;;;x
1570;;;;;x
1571;;;;;x
1572;;;;;x
1573;;;;;x
1574;;;;;x
1575;;;;;x
1576;;;;;x
1577;;;;;x
1578;;;;;x
1579;;;;;x
1580;;;;;x
1581;;;;;x
1582;;;;;x
1583;;;;;x
1584;;;;;x
1585;;;;;x
1586;;;;;x
1587;;;;;x
1588;;;;;x
1589;;;;;x
1590;;;;;x
1591;;;;;x
1592;;;;;x
1593;;;;;x
1594;;;;;x
1595;;;;;x
1596;;;;;x
1597;;;;;x
1598;;;;;x
1599;;;;;x
1600;;;;;x
1601;;;;;x
1602;;;;;x
1603;;;;;x
1604;;;;;x
1605;;;;;x
1606;;;;;x
1607;;;;;x
1608;;;;;x
1609;;;;;x
1610;;;;;x
1611;;;;;x
1612;;;;;x
1613;;;;;x
1614;;;;;x
1615;;;;;x
1616;;;;;x
1617;;;;;x
1618;;;;;x
1619;;;;;x
1620;;;;;x
1621;;;;;x
1622;;;;;x
1623;;;;;x
1624;;;;;x
1625;;;;;x
1626;;;;;x
1627;;;;;x
1628;;;;;x
1629;;;;;x
1630;;;;;x
1631;;;;;x
1632;;;;;x
1633;;;;;x
1634;;;;;x
1635;;;;;x
1636;;;;;x
1637;;;;;x
1638;;;;;x
1639;;;;;x
1640;;;;;x
1641;;;;;x
1642;;;;;x
1643;;;;;x
1644;;;;;x
1645;;;;;x
1646;;;;;x
1647;;;;;x
1648;;;;;x
1649;;;;;x
1650;;;;;x
1651;;;;;x
1652;;;;;x
1653;;;;;x
1654;;;;;x
1655;;;;;x
1656;;;;;x
1657;;;;;x
1658;;;;;x
1659;;;;;x
1660;;;;;x
1661;;;;;x
1662;;;;;x
1663;;;;;x
1664;;;;;x
1665;;;;;x
1666;;;;;x
1667;;;;;x
1668;;;;;x
1669;;;;;x
1670;;;;;x
1671;;;;;x
1672;;;;;x
1673;;;;;x
1674;;;;;x
1675;;;;;x
1676;;;;;x
1677;;;;;x
1678;;;;;x
1679;;;;;x
1680;;;;;x
1681;;;;;x
1682;;;;;x
1683;;;;;x
1684;;;;;x
1685;;;;;x
1686;;;;;x
1687;;;;;x
1688;;;;;x
1689;;;;;x
1690;;;;;x
1691;;;;;x
1692;;;;;x
1693;;;;;x
1694;;;;;x
1695;;;;;x
1696;;;;;x
1697;;;;;x
1698;;;;;x
1699;;;;;x
1700;;;;;x
1701;;;;;x
1702;;;;;x
1703;;;;;x
1704;;;;;x
1705;;;;;x
1706;;;;;x
1707;;;;;x
1708;;;;;x
1709;;;;;x
1710;;;;;x
1711;;;;;x
1712;;;;;x
1713;;;;;x
1714;;;;;x
1715;;;;;x
1716;;;;;x
1717;;;;;x
1718;;;;;x
1719;;;;;x
1720;;;;;x
1721;;;;;x
1722;;;;;x
1723;;;;;x
1724;;;;;x
1725;;;;;x
1726;;;;;x
1727;;;;;x
1728;;;;;x
1729;;;;;x
1730;;;;;x
1731;;;;;x
1732;;;;;x
1733;;;;;x
1734;;;;;x
1735;;;;;x
1736;;;;;x
1737;;;;;x
1738;;;;;x
1739;;;;;x
1740;;;;;x
1741;;;;;x
1742;;;;;x
1743;;;;;x
1744;;;;;x
1745;;;;;x
1746;;;;;x
1747;;;;;x
1748;;;;;x
1749;;;;;x
1750;;;;;x
1751;;;;;x
1752;;;;;x
1753;;;;;x
1754;;;;;x
1755;;;;;x
1756;;;;;x
1757;;;;;x
1758;;;;;x
1759;;;;;x
1760;;;;;x
1761;;;;;x
1762;;;;;x
1763;;;;;x
1764;;;;;x
1765;;;;;x
1766;;;;;x
1767;;;;;x
1768;;;;;x
1769;;;;;x
1770;;;;;x
1771;;;;;x
1772;;;;;x
1773;;;;;x
1774;;;;;x
1775;;;;;x
1776;;;;;x
1777;;;;;x
1778;;;;;x
1779;;;;;x
1780;;;;;x
1781;;;;;x
1782;;;;;x
1783;;;;;x
1784;;;;;x
1785;;;;;x
1786;;;;;x
1787;;;;;x
1788;;;;;x
1789;;;;;x
1790;;;;;x
1791;;;;;x
1792;;;;;x
1793;;;;;x
1794;;;;;x
1795;;;;;x
1796;;;;;x
1797;;;;;x
1798;;;;;x
1799;;;;;x
1800;;;;;x
1801;;;;;x
1802;;;;;x
1803;;;;;x
1804;;;;;x
1805;;;;;x
1806;;;;;x
1807;;;;;x
1808;;;;;x
1809;;;;;x
1810;;;;;x
1811;;;;;x
1812;;;;;x
1813;;;;;x
1814;;;;;x
1815;;;;;x
1816;;;;;x
1817;;;;;x
1818;;;;;x
1819;;;;;x
1820;;;;;x
1821;;;;;x
1822;;;;;x
1823;;;;;x
1824;;;;;x
1825;;;;;x
1826;;;;;x
1827;;;;;x
1828;;;;;x
1829;;;;;x
1830;;;;;x
1831;;;;;x
1832;;;;;x
1833;;;;;x
1834;;;;;x
1835;;;;;x
1836;;;;;x
1837;;;;;x
1838;;;;;x
1839;;;;;x
1840;;;;;x
1841;;;;;x
1842;;;;;x
1843;;;;;x
1844;;;;;x
1845;;;;;x
1846;;;;;x
1847;;;;;x
1848;;;;;x
1849;;;;;x
1850;;;;;x
1851;;;;;x
1852;;;;;x
1853;;;;;x
1854;;;;;x
1855;;;;;x
1856;;;;;x
1857;;;;;x
1858;;;;;x
1859;;;;;x
1860;;;;;x
1861;;;;;x
1862;;;;;x
1863;;;;;x
1864;;;;;x
1865;;;;;x
1866;;;;;x
1867;;;;;x
1868;;;;;x
1869;;;;;x
1870;;;;;x
1871;;;;;x
1872;;;;;x
1873;;;;;x
1874;;;;;x
1875;;;;;x
1876;;;;;x
1877;;;;;x
1878;;;;;x
1879;;;;;x
1880;;;;;x
1881;;;;;x
1882;;;;;x
1883;;;;;x
1884;;;;;x
1885;;;;;x
1886;;;;;x
1887;;;;;x
1888;;;;;x
1889;;;;;x
1890;;;;;x
1891;;;;;x
1892;;;;;x
1893;;;;;x
1894;;;;;x
1895;;;;;x
1896;;;;;x
1897;;;;;x
1898;;;;;x
1899;;;;;x
1900;;;;;x
1901;;;;;x
1902;;;;;x
1903;;;;;x
1904;;;;;x
1905;;;;;x
1906;;;;;x
1907;;;;;x
1908;;;;;x
1909;;;;;x
1910;;;;;x
1911;;;;;x
1912;;;;;x
1913;;;;;x
1914;;;;;x
1915;;;;;x
1916;;;;;x
1917;;;;;x
1918;;;;;x
1919;;;;;x
1920;;;;;x
1921;;;;;x
1922;;;;;x
1923;;;;;x
1924;;;;;x
1925;;;;;x
1926;;;;;x
1927;;;;;x
1928;;;;;x
1929;;;;;x
1930;;;;;x
1931;;;;;x
1932;;;;;x
1933;;;;;x
1934;;;;;x
1935;;;;;x
1936;;;;;x
1937;;;;;x
1938;;;;;x
1939;;;;;x
1940;;;;;x
1941;;;;;x
1942;;;;;x
1943;;;;;x
1944;;;;;x
1945;;;;;x
1946;;;;;x
1947;;;;;x
1948;;;;;x
1949;;;;;x
1950;;;;;x
1951;;;;;x
1952;;;;;x
1953;;;;;x
1954;;;;;x
1955;;;;;x
1956;;;;;x
1957;;;;;x
1958;;;;;x
1959;;;;;x
1960;;;;;x
1961;;;;;x
1962;;;;;x
1963;;;;;x
1964;;;;;x
1965;;;;;x
1966;;;;;x
1967;;;;;x
1968;;;;;x
1969;;;;;x
1970;;;;;x
1971;;;;;x
1972;;;;;x
1973;;;;;x
1974;;;;;x
1975;;;;;x
1976;;;;;x
1977;;;;;x
1978;;;;;x
1979;;;;;x
1980;;;;;x
1981;;;;;x
1982;;;;;x
1983;;;;;x
1984;;;;;x
1985;;;;;x
1986;;;;;x
1987;;;;;x
1988;;;;;x
1989;;;;;x
1990;;;;;x
1991;;;;;x
1992;;;;;x
1993;;;;;x
1994;;;;;x
1995;;;;;x
1996;;;;;x
1997;;;;;x
1998;;;;;x
1999;;;;;x
2000;;;;;x
2001;;;;;x
2002;;;;;x
2003;;;;;x
2004;;;;;x
2005;;;;;x
2006;;;;;x
2007;;;;;x
2008;;;;;x
2009;;;;;x
2010;;;;;x
2011;;;;;x
2012;;;;;x
2013;;;;;x
2014;;;;;x
2015;;;;;x
2016;;;;;x
2017;;;;;x
2018;;;;;x
2019;;;;;x
2020;;;;;x
2021;;;;;x
2022;;;;;x
2023;;;;;x
2024;;;;;x
2025;;;;;x
2026;;;;;x
2027;;;;;x
2028;;;;;x
2029;;;;;x
2030;;;;;x
2031;;;;;x
2032;;;;;x
2033;;;;;x
2034;;;;;x
2035;;;;;x
2036;;;;;x
2037;;;;;x
2038;;;;;x
2039;;;;;x
2040;;;;;x
2041;;;;;x
2042;;;;;x
2043;;;;;x
2044;;;;;x
2045;;;;;x
2046;;;;;x
2047;;;;;x
2048;;;;;x
2049;;;;;x
2050;;;;;x
2051;;;;;x
2052;;;;;x
2053;;;;;x
2054;;;;;x
2055;;;;;x
2056;;;;;x
2057;;;;;x
2058;;;;;x
2059;;;;;x
2060;;;;;x
2061;;;;;x
2062;;;;;x
2063;;;;;x
2064;;;;;x
2065;;;;;x
2066;;;;;x
2067;;;;;x
2068;;;;;x
2069;;;;;x
2070;;;;;x
2071;;;;;x
2072;;;;;x
2073;;;;;x
2074;;;;;x
2075;;;;;x
2076;;;;;x
2077;;;;;x
2078;;;;;x
2079;;;;;x
2080;;;;;x
2081;;;;;x
2082;;;;;x
2083;;;;;x
2084;;;;;x
2085;;;;;x
2086;;;;;x
2087;;;;;x
2088;;;;;x
2089;;;;;x
2090;;;;;x
2091;;;;;x
2092;;;;;x
2093;;;;;x
2094;;;;;x
2095;;;;;x
2096;;;;;x
2097;;;;;x
2098;;;;;x
2099;;;;;x
2100;;;;;x
2101;;;;;x
2102;;;;;x
2103;;;;;x
2104;;;;;x
2105;;;;;x
2106;;;;;x
2107;;;;;x
2108;;;;;x
2109;;;;;x
2110;;;;;x
2111;;;;;x
2112;;;;;x
2113;;;;;x
2114;;;;;x
2115;;;;;x
2116;;;;;x
2117;;;;;x
2118;;;;;x
